LTPEQVVAIASNIGGKQALETVQALLPVLCQAHG,12:13:14
LTPEQVVAIASNGGGKQALETVQRLLPVLCQAHG,12:13:14
LIPDQVVAIANNNGGKQALETVQRLLPVLCQAHG,12:13:14
LTPDQVVAIASHDGGKQALETVQRLLPVLCQDHG,12:13:14
LTPAQVVAIASNIGGKQALETVQRLLPVLCQDHG,12:13:14
LTPDQVVAIASHDGGKQALETVQRLLPVLCEQHG,12:13:14
LTREQVVAIASNNGGKQALETVQRLLPVLRQAHG,12:13:14
LTPEQVVAIASNGGGKQALETVQRLLPVLCQAPHD,12:13:14
LTPQQVVAIASNSGGKQALETVQRLLPVLCQAHG,12:13:14
LTPEQVVAIASNIGGKQALETVQALLPVLCQAHG,12:13:14
LTLEQVVAIASNGGGKQALETVQRLLPVLCQAHG,12:13:14
LTPAQVVAIASHDGGKQALETVQRLLPVLCQAHG,12:13:14
LTPQQVVAIASNGGGKQALETVQRLLPVLCQAHG,12:13:14
LTPAQVVAIASNIGGKQALETVQRLLPVLCQAHG,12:13:14
LSTEQVVAIASNKGGKQALEAVKAHLLDLLGAPYV,12:13:14
LNTEQVVAIASSHGGKQALEAVRALFPDLRAAPYA,12:13:14
LSTEQVVAIASNNGGKQALEAVKAQLLELRAAPYE,12:13:14
LSTEQVVAIASHNGGKQALEAVKAQLPVLRRAPYG,12:13:14
LSTEQVVAIASHDGGKQALEAVGAQLVALRAAPYA,12:13:14
LNTEQVVAIASNPGGKQALEAVRALFPDLRAAPYA,12:13:14
LTTAQVVAIASNDGGKQALEAVGAQLLVLRAVPYE,12:13:14
FSQATIAKIAGNIGGAQALQTVLDLEPALCERG,12:13:14
FSRIDIVKIAANNGGAQALHAVLDLGPTLRECG,12:13:14
FSQANIVKMAGNSGGAQALQAVLDLELVFRERG,12:13:14
VRQADIVKIVGNNGGAQALQAVFELEPTLRERG,12:13:14
FSQADIVRIADNIGGAQALKAVLEHGPTLNERD,12:13:14
LEPKDIVSIASHIGANQTITTLLNKWGALIDLE,12:13:14
LESKDIVSIASNNGATQTITRLLEKWDELRAKG,12:13:14
FRTEDIVQMVSHDGGSKNLVAVQANYAALTGLG,12:13:14
FRTEDIVQMVSNNGGSKNLAAIIDKSTALKGLG,12:13:14
